Qty,References,Value,Footprint,Side,Fit,Manufacturer,MPN,DigiKey
3,C1 C2 C3,100nF,C_0603_1608Metric,back,yes,,,
1,C4,4.7uF,C_0603_1608Metric,back,yes,,,
1,J1,Tab5 Ext.Port1,PinHeader_2x05_P2.54mm_Horizontal,front,yes,Samtec,TSW-105-08-G-D-RA,SAM1037-05-ND
1,J2,UPDI,PinHeader_1x03_P2.54mm_Vertical,back,yes,,,
2,R1 R2,4.7k,R_0603_1608Metric,back,yes,,,
1,R3,10k,R_0603_1608Metric,back,yes,,,
2,R6 R7,0R,R_0603_1608Metric,back,yes,,,
0,R8 R9,DNP,R_0603_1608Metric,back,DNP,,,
1,SW1,UP,SW_PUSH_6mm,front,yes,C&K,PTS645SM43-2 LFS,
1,SW2,DOWN,SW_PUSH_6mm,front,yes,C&K,PTS645SM43-2 LFS,
1,SW3,LEFT,SW_PUSH_6mm,front,yes,C&K,PTS645SM43-2 LFS,
1,SW4,RIGHT,SW_PUSH_6mm,front,yes,C&K,PTS645SM43-2 LFS,
1,SW5,X,SW_PUSH-12mm,front,yes,Omron,B3F-4055,SW414-ND
1,SW6,B,SW_PUSH-12mm,front,yes,Omron,B3F-4055,SW414-ND
1,SW7,Y,SW_PUSH-12mm,front,yes,Omron,B3F-4055,SW414-ND
1,SW8,A,SW_PUSH-12mm,front,yes,Omron,B3F-4055,SW414-ND
1,SW9,SELECT,SW_PUSH_6mm,front,yes,C&K,PTS645SM43-2 LFS,
1,SW10,START,SW_PUSH_6mm,front,yes,C&K,PTS645SM43-2 LFS,
1,SW11,MENU,SW_PUSH_6mm,front,yes,C&K,PTS645SM43-2 LFS,
1,SW12,L,SW_Tactile_SPST_Angled_PTS645Vx31-2LFS,front,yes,C&K,PTS645VL31-2 LFS,CKN9094-ND
1,SW13,R,SW_Tactile_SPST_Angled_PTS645Vx31-2LFS,front,yes,C&K,PTS645VL31-2 LFS,CKN9094-ND
1,U1,AVR32DD28-I/SO,SOIC-28W_7.5x17.9mm_P1.27mm,back,yes,,,
