Qty,References,Value,Footprint,Side,Fit
3,C1 C2 C3,100nF,C_0603_1608Metric,back,yes
1,C4,4.7uF,C_0603_1608Metric,back,yes
1,J1,Tab5 Ext.Port1,PinHeader_2x05_P2.54mm_Horizontal,front,yes
1,J2,UPDI,PinHeader_1x03_P2.54mm_Vertical,back,yes
2,R1 R2,4.7k,R_0603_1608Metric,back,yes
1,R3,10k,R_0603_1608Metric,back,yes
2,R6 R8,0R,R_0603_1608Metric,back,yes
0,R7 R9 R11,DNP,R_0603_1608Metric,back,DNP
1,SW1,UP,SW_PUSH_6mm,front,yes
1,SW2,DOWN,SW_PUSH_6mm,front,yes
1,SW3,LEFT,SW_PUSH_6mm,front,yes
1,SW4,RIGHT,SW_PUSH_6mm,front,yes
1,SW5,A,SW_PUSH-12mm,front,yes
1,SW6,X,SW_PUSH-12mm,front,yes
1,SW7,B,SW_PUSH-12mm,front,yes
1,SW8,Y,SW_PUSH-12mm,front,yes
1,SW9,C,SW_PUSH-12mm,front,yes
1,SW10,Z,SW_PUSH-12mm,front,yes
1,SW11,MODE,SW_PUSH_6mm,front,yes
1,SW12,START,SW_PUSH_6mm,front,yes
1,SW13,MENU,SW_PUSH_6mm,front,yes
1,U1,AVR32DD28-I/SO,SOIC-28W_7.5x17.9mm_P1.27mm,back,yes
